,City,Cloudiness,Country,Date,Humidity,Lat,Lng,Max Temp,Wind Speed
0,hamilton,1,US,1585015854,70,39.18,-84.53,45.0,6.93
1,hambantota,0,LK,1585015854,100,6.12,81.12,73.4,3.36
2,busselton,89,AU,1585015854,29,-33.65,115.33,82.0,6.04
3,hobart,20,AU,1585015801,47,-42.88,147.33,64.99,8.05
4,mataura,100,NZ,1585015854,90,-46.19,168.86,52.0,15.01
5,bosaso,0,SO,1585015854,75,11.28,49.18,82.76,13.91
6,bambous virieux,75,MU,1585015784,94,-20.34,57.76,78.8,10.29
7,lebu,95,CL,1585015854,98,-37.62,-73.65,58.1,6.4
8,vigrestad,91,NO,1585015854,75,58.57,5.7,42.01,24.16
9,kodiak,1,US,1585015593,25,57.79,-152.41,51.8,16.11
10,thompson,75,CA,1585015855,49,55.74,-97.86,26.6,2.24
11,flinders,75,AU,1585015855,64,-34.58,150.86,72.0,6.93
12,nobeoka,0,JP,1585015855,39,32.58,131.67,61.34,5.7
13,mareeba,40,AU,1585015855,66,-17.0,145.43,86.0,17.22
14,castro,31,BR,1585015844,96,-24.79,-50.01,55.58,6.6
15,vao,16,NC,1585015855,71,-22.67,167.48,76.64,17.02
16,kavieng,23,PG,1585015855,69,-2.57,150.8,84.56,6.58
17,puerto escondido,20,MX,1585015856,83,15.85,-97.07,82.4,2.75
18,shakawe,100,BW,1585015856,97,-18.37,21.85,63.14,4.81
19,yate,6,GB,1585015856,89,51.54,-2.42,41.0,10.29
20,rikitea,100,PF,1585015856,75,-23.12,-134.97,78.62,9.08
21,camacha,40,PT,1585015856,72,33.08,-16.33,60.8,17.22
22,puerto ayora,93,EC,1585015856,82,-0.74,-90.35,78.01,5.01
23,vaini,20,TO,1585015856,74,-21.2,-175.2,84.2,6.93
24,hermanus,67,ZA,1585015856,85,-34.42,19.23,60.01,1.01
25,mahebourg,75,MU,1585015857,94,-20.41,57.7,78.8,10.29
26,lavrentiya,33,RU,1585015857,89,65.58,-171.0,30.2,10.13
27,te anau,100,NZ,1585015857,80,-45.42,167.72,47.12,4.38
28,port lincoln,100,AU,1585015742,82,-34.73,135.87,60.44,7.92
29,saskylakh,0,RU,1585015857,91,71.92,114.08,-19.48,4.14
30,byron bay,75,AU,1585015857,69,-28.65,153.62,78.01,9.17
31,hilo,90,US,1585015858,78,19.73,-155.09,73.0,10.8
32,albany,90,US,1585015719,92,42.6,-73.97,33.01,6.93
33,iskateley,100,RU,1585015858,91,67.68,53.15,24.08,16.89
34,libourne,0,FR,1585015858,100,44.92,-0.25,48.2,2.24
35,punta arenas,68,CL,1585015702,81,-53.15,-70.92,48.2,21.92
36,bluff,94,NZ,1585015858,90,-46.6,168.33,52.0,15.01
37,barrow,90,US,1585015861,78,71.29,-156.79,8.6,5.82
38,geraldton,0,AU,1585015861,31,-28.77,114.6,89.6,23.04
39,fortuna,90,US,1585015862,66,40.6,-124.16,52.0,4.7
40,jamestown,90,US,1585015572,100,42.1,-79.24,39.2,10.29
41,tuktoyaktuk,75,CA,1585015862,71,69.45,-133.04,5.0,11.41
42,sao joao da barra,4,BR,1585015862,75,-21.64,-41.05,73.94,8.86
43,dali,0,CN,1585015862,38,25.7,100.18,62.6,5.1
44,morondava,0,MG,1585015862,93,-20.28,44.28,72.68,1.99
45,santa paula,90,US,1585015862,67,34.35,-119.06,60.8,8.05
46,airai,78,TL,1585015864,48,-8.93,125.41,81.5,6.26
47,santhia,100,IT,1585015864,55,45.37,8.17,42.01,2.24
48,cape town,73,ZA,1585015644,82,-33.93,18.42,66.0,11.41
49,atuona,38,PF,1585015864,77,-9.8,-139.03,82.58,10.58
50,avarua,100,CK,1585015864,83,-21.21,-159.78,84.2,9.17
51,dandong,5,CN,1585015864,26,40.13,124.39,55.94,3.0
52,sinnamary,3,GF,1585015864,80,5.38,-52.95,79.7,17.34
53,padang,100,ID,1585015865,61,-0.95,100.35,83.12,1.88
54,new norfolk,20,AU,1585015865,47,-42.78,147.06,64.99,8.05
55,tingo maria,1,PE,1585015865,87,-9.29,-76.01,58.46,3.6
56,grindavik,75,IS,1585015865,63,63.84,-22.43,33.8,35.57
57,nibbar,40,TN,1585015865,87,36.29,8.77,53.6,3.36
58,vila franca do campo,75,PT,1585015865,67,37.72,-25.43,57.2,10.29
59,dingle,100,PH,1585015865,55,11.0,122.67,86.9,12.68
60,qaanaaq,100,GL,1585015865,98,77.48,-69.36,-3.46,4.59
61,pauini,0,BR,1585015627,92,-7.71,-66.98,70.7,2.13
62,zheleznodorozhnyy,0,RU,1585015866,58,55.75,38.0,27.0,8.95
63,ushuaia,75,AR,1585015866,81,-54.8,-68.3,46.4,23.04
64,port alfred,97,ZA,1585015866,95,-33.59,26.89,64.99,11.39
65,omboue,100,GA,1585015866,95,-1.57,9.26,76.1,1.92
66,severo-kurilsk,100,RU,1585015613,98,50.68,156.12,30.92,5.66
67,port hardy,40,CA,1585015866,70,50.7,-127.42,44.6,8.05
68,remontnoye,100,RU,1585015867,86,46.56,43.65,33.8,17.9
69,morros,73,BR,1585015867,81,-9.45,-46.3,75.38,2.71
70,alibag,0,IN,1585015867,69,18.64,72.88,80.6,2.08
71,talgar,40,KZ,1585015867,74,43.3,77.24,30.2,8.95
72,leningradskiy,100,RU,1585015867,73,69.38,178.42,31.28,4.97
73,cidreira,2,BR,1585015867,78,-30.18,-50.21,73.76,26.6
74,fairbanks,90,US,1585015713,80,64.84,-147.72,33.8,6.93
75,baracoa,17,CU,1585015868,78,20.35,-74.5,76.64,14.83
76,isangel,75,VU,1585015868,74,-19.55,169.27,84.2,13.87
77,khatanga,98,RU,1585015868,92,71.97,102.5,-5.44,12.86
78,hervey bay,75,AU,1585015868,58,-25.3,152.85,86.0,20.8
79,seini,91,RO,1585015845,58,47.75,23.28,33.01,6.93
80,coquimbo,0,CL,1585015868,82,-29.95,-71.34,62.6,2.24
81,sobolevo,0,RU,1585015868,58,54.43,31.9,24.8,5.37
82,ust-kachka,0,RU,1585015868,78,58.01,55.67,14.0,4.47
83,laufen,0,DE,1585015869,79,47.95,12.93,28.0,2.24
84,guerrero negro,100,MX,1585015869,78,27.98,-114.06,62.06,18.41
85,zaozhuang,36,CN,1585015869,30,34.86,117.55,63.86,13.42
86,waingapu,52,ID,1585015869,69,-9.66,120.26,84.2,5.77
87,vestmanna,100,FO,1585015869,80,62.16,-7.17,41.0,8.05
88,cloquet,1,US,1585015732,47,46.72,-92.46,35.6,3.36
89,ilulissat,100,GL,1585015870,61,69.22,-51.1,12.2,12.75
90,arlit,92,NE,1585015870,14,18.74,7.39,82.04,8.55
91,necochea,100,AR,1585015724,67,-38.55,-58.74,70.0,11.01
92,burnie,0,AU,1585015870,48,-41.07,145.92,64.99,5.99
93,mahanoro,27,MG,1585015870,78,-19.9,48.8,78.98,9.1
94,sao filipe,54,CV,1585015870,75,14.9,-24.5,67.64,13.04
95,arraial do cabo,0,BR,1585015870,65,-22.97,-42.03,75.92,9.86
96,praia da vitoria,75,PT,1585015871,72,38.73,-27.07,59.0,19.73
97,sosua,75,DO,1585015871,73,19.77,-70.52,77.0,5.82
98,mar del plata,100,AR,1585015871,72,-38.0,-57.56,69.01,11.41
99,vasai,0,IN,1585015871,69,19.47,72.8,80.6,2.21
100,rudnogorsk,99,RU,1585015871,79,57.26,103.75,11.12,7.99
101,cherskiy,34,RU,1585015871,79,68.75,161.3,7.88,4.45
102,axim,100,GH,1585015871,96,4.87,-2.24,75.2,4.43
103,bridlington,50,GB,1585015871,80,54.08,-0.19,39.0,2.24
104,sitka,1,US,1585015872,24,57.05,-135.33,42.8,12.75
105,nikolskoye,0,RU,1585015872,68,59.7,30.79,24.8,4.47
106,alice springs,51,AU,1585015834,24,-23.7,133.88,89.6,9.17
107,saint-philippe,75,RE,1585015872,83,-21.36,55.77,77.0,5.82
108,namibe,100,AO,1585015872,90,-15.2,12.15,74.12,6.06
109,butaritari,100,KI,1585015872,77,3.07,172.79,84.2,21.61
110,muravlenko,100,RU,1585015872,88,63.79,74.52,23.18,23.53
111,ganzhou,100,CN,1585015872,76,28.82,115.43,68.72,3.31
112,bathsheba,40,BB,1585015872,74,13.22,-59.52,78.8,18.34
113,opuwo,70,NA,1585015873,62,-18.06,13.84,68.9,4.45
114,bredasdorp,50,ZA,1585015873,87,-34.53,20.04,51.8,3.36
115,izumo,20,JP,1585015873,37,35.37,132.77,51.8,3.36
116,olafsvik,99,IS,1585015873,93,64.89,-23.71,33.62,43.53
117,chokurdakh,0,RU,1585015873,89,70.63,147.92,0.68,7.58
118,labuhan,100,ID,1585015873,67,-6.88,112.21,85.82,3.44
119,faanui,1,PF,1585015661,64,-16.48,-151.75,83.84,0.58
120,victoria,20,HK,1585015800,73,22.29,114.16,75.99,16.11
121,estelle,40,US,1585015874,78,29.85,-90.11,77.0,8.05
122,east london,90,ZA,1585015629,89,-33.02,27.91,73.58,12.08
123,kalmunai,33,LK,1585015874,70,7.42,81.82,82.94,13.62
124,lagoa,22,PT,1585015608,81,39.05,-27.98,59.72,21.23
125,georgetown,20,MY,1585015579,79,5.41,100.34,84.2,5.82
126,sorland,100,NO,1585015875,90,67.67,12.69,43.16,39.28
127,upernavik,100,GL,1585015875,72,72.79,-56.15,-0.22,10.89
128,norman wells,40,CA,1585015673,47,65.28,-126.83,12.2,12.75
129,mount darwin,3,ZW,1585015875,81,-16.77,31.58,59.54,1.39
130,campbell river,75,CA,1585015875,75,50.02,-125.24,43.0,9.17
131,palu,100,ID,1585015875,54,-0.89,119.87,83.48,3.06
132,maniitsoq,100,GL,1585015875,95,65.42,-52.9,12.2,20.85
133,marsa matruh,40,EG,1585015876,87,31.35,27.25,53.6,4.7
134,neiafu,20,TO,1585015876,70,-18.65,-173.98,86.0,8.05
135,vadlapudi,0,IN,1585015683,62,14.32,79.8,83.3,7.99
136,ribeira grande,67,PT,1585015876,88,38.52,-28.7,56.48,17.63
137,baykit,65,RU,1585015876,85,61.67,96.37,-4.54,3.67
138,emerald,90,AU,1585015876,58,-23.53,148.17,84.2,14.99
139,vanimo,100,PG,1585015876,91,-2.67,141.3,78.98,17.25
140,smithers,75,CA,1585015705,60,54.78,-127.17,39.2,1.59
141,san rafael,11,AR,1585015877,31,-34.62,-68.33,74.3,4.18
142,pevek,100,RU,1585015877,85,69.7,170.31,25.16,7.47
143,barentu,0,ER,1585015625,39,15.11,37.59,57.74,1.52
144,dikson,0,RU,1585015877,92,73.51,80.55,9.32,8.37
145,jonkoping,100,SE,1585015877,79,57.78,14.16,28.4,11.41
146,chatham,0,GB,1585015877,64,51.38,0.53,45.0,10.29
147,kununurra,100,AU,1585015590,44,-15.77,128.73,93.2,4.7
148,nishihara,75,JP,1585015878,49,26.18,127.76,71.6,12.75
149,hithadhoo,61,MV,1585015878,72,-0.6,73.08,84.02,9.73
150,esperance,32,AU,1585015878,68,-33.87,121.9,68.0,13.87
151,touros,40,BR,1585015878,88,-5.2,-35.46,78.8,2.24
152,kitimat,75,CA,1585015878,52,54.05,-128.65,46.99,10.29
153,clyde river,75,CA,1585015878,83,70.47,-68.59,-13.0,6.93
154,ardahan,59,TR,1585015879,81,41.11,42.7,17.78,2.68
155,carnarvon,0,AU,1585015681,26,-24.87,113.63,93.2,14.99
156,miacatlan,5,MX,1585015879,23,18.77,-99.37,87.8,3.36
157,hobyo,95,SO,1585015879,78,5.35,48.53,81.5,7.58
158,kota kinabalu,20,MY,1585015879,74,5.97,116.07,86.0,4.7
159,jalu,0,LY,1585015715,83,29.03,21.55,56.66,10.47
160,flin flon,100,CA,1585015879,93,54.77,-101.86,21.02,4.68
161,rio grande,0,BR,1585015723,80,-32.03,-52.1,71.78,19.28
162,maragogi,100,BR,1585015880,77,-9.01,-35.22,83.12,13.44
163,gbadolite,100,CD,1585015880,87,4.28,21.02,71.96,3.38
164,chapais,90,CA,1585015880,86,49.78,-74.85,28.4,9.17
165,tiksi,100,RU,1585015811,96,71.69,128.87,-12.64,10.31
166,saint george,0,US,1585015739,75,37.1,-113.58,55.4,5.82
167,luderitz,0,NA,1585015881,82,-26.65,15.16,60.8,9.17
168,huanan,0,CN,1585015881,39,46.22,130.52,41.72,10.45
169,sibolga,45,ID,1585015881,59,1.74,98.78,87.8,0.72
170,santa cruz,75,BO,1585015881,88,-17.8,-63.17,78.8,3.36
171,torbay,20,CA,1585015881,73,47.67,-52.73,27.0,16.11
172,broome,90,US,1585015881,100,42.25,-75.83,35.01,3.36
173,yeppoon,20,AU,1585015882,58,-23.13,150.73,84.2,9.17
174,port augusta,90,AU,1585015882,87,-32.5,137.77,66.0,4.7
175,harper,100,LR,1585015882,98,4.38,-7.72,72.68,2.82
176,portland,75,US,1585015466,70,45.52,-122.68,48.99,12.75
177,lorengau,95,PG,1585015651,77,-2.02,147.27,83.12,12.12
178,longyearbyen,90,SJ,1585015796,85,78.22,15.64,17.6,42.5
179,kichera,100,RU,1585015882,68,55.94,110.1,18.86,2.93
180,ust-ilimsk,100,RU,1585015882,77,58.0,102.66,7.88,8.1
181,ponta do sol,75,PT,1585015883,77,32.67,-17.1,60.8,8.05
182,deputatskiy,98,RU,1585015883,82,69.3,139.9,-1.3,3.36
183,asau,100,RO,1585015883,58,46.43,26.4,30.2,10.29
184,tasiilaq,100,GL,1585015883,86,65.61,-37.64,26.6,3.36
185,dwarka,100,IN,1585015883,80,22.24,68.97,75.74,10.4
186,muzhi,100,RU,1585015883,79,65.37,64.67,24.8,13.73
187,acapulco,20,MX,1585015883,83,16.86,-99.89,82.4,4.7
188,talnakh,75,RU,1585015883,84,69.49,88.4,5.0,31.32
189,laguna,1,US,1585015883,58,38.42,-121.42,57.2,18.34
190,los llanos de aridane,20,ES,1585015884,77,28.66,-17.92,62.6,8.05
191,sukhumi,33,GE,1585015884,68,43.0,41.02,49.46,4.59
192,kranuan,75,TH,1585015884,78,16.71,103.08,78.8,2.24
193,cockburn town,0,TC,1585015884,73,21.46,-71.14,75.92,19.51
194,ballina,90,AU,1585015884,64,-28.87,153.57,75.99,9.17
195,loandjili,100,CG,1585015884,82,-4.76,11.86,81.32,4.07
196,bengkulu,77,ID,1585015885,58,-3.8,102.27,88.34,1.54
197,epe,100,NG,1585015885,84,6.58,3.98,79.34,7.96
198,concarneau,0,FR,1585015885,87,47.88,-3.92,48.99,4.7
199,naze,20,JP,1585015885,52,28.37,129.48,69.8,12.75
200,pangnirtung,100,CA,1585015885,95,66.15,-65.71,6.26,3.56
201,cabo san lucas,5,MX,1585015855,40,22.89,-109.91,73.4,4.7
202,komsomolskiy,75,UZ,1585015885,71,40.43,71.72,55.4,4.7
203,novobirilyussy,32,RU,1585015885,83,56.95,90.67,6.26,4.99
204,rapid city,1,US,1585015803,30,44.08,-103.23,55.4,4.7
205,olean,90,US,1585015886,99,42.08,-78.43,39.0,3.76
206,cavalcante,100,BR,1585015886,88,-13.8,-47.46,65.3,1.43
207,tamandare,100,BR,1585015886,77,-8.76,-35.1,83.12,13.44
208,korla,69,CN,1585015886,24,41.76,86.15,42.8,5.88
209,anadyr,0,RU,1585015886,79,64.75,177.48,26.6,4.47
210,motygino,79,RU,1585015886,89,58.18,94.76,2.84,7.67
211,shaoyang,100,CN,1585015887,81,27.23,111.45,66.56,4.56
212,atar,0,MR,1585015890,65,20.52,-13.05,54.5,7.81
213,mezocsat,100,HU,1585015890,55,47.82,20.92,33.8,16.11
214,ouadda,69,CF,1585015890,47,8.08,22.4,71.06,3.91
215,kloulklubed,90,PW,1585015890,83,7.04,134.26,82.4,8.05
216,sola,98,VU,1585015890,77,-13.88,167.55,83.12,13.2
217,itaituba,71,BR,1585015890,97,-4.28,-55.98,73.04,0.56
218,high level,75,CA,1585015890,55,58.52,-117.14,10.4,13.87
219,waldkraiburg,0,DE,1585015891,68,48.21,12.4,27.0,4.7
220,tecolutla,5,MX,1585015891,69,20.48,-97.02,80.6,9.17
221,khovu-aksy,100,RU,1585015891,91,51.13,93.6,10.58,10.09
222,gambo,100,CF,1585015891,97,4.65,22.26,69.98,2.57
223,dhidhdhoo,6,MV,1585015891,68,6.88,73.1,83.12,2.8
224,bollnas,100,SE,1585015891,49,61.35,16.39,35.78,15.26
225,kutum,12,SD,1585015891,21,14.2,24.67,60.98,3.24
226,kapaa,20,US,1585015891,61,22.08,-159.32,80.6,19.46
227,rypefjord,75,NO,1585015891,64,70.63,23.67,39.2,31.09
228,waipawa,42,NZ,1585015892,38,-41.41,175.52,61.0,13.87
229,novyy urengoy,100,RU,1585015892,91,66.08,76.63,19.58,18.39
230,san jose,90,US,1585015892,71,37.34,-121.89,55.4,5.82
231,haghig,100,RO,1585015892,80,45.83,25.58,27.0,11.99
232,kemalpasa,75,TR,1585015892,93,38.43,27.42,46.99,2.28
233,katsuura,20,JP,1585015892,34,35.13,140.3,53.01,31.09
234,adrar,100,MR,1585015893,45,20.5,-10.07,60.62,14.03
235,peachland,1,CA,1585015893,42,49.77,-119.74,51.8,5.82
236,baruun-urt,69,MN,1585015893,19,46.68,113.28,55.22,13.31
237,brae,100,GB,1585015893,87,60.4,-1.35,44.6,27.51
238,san patricio,5,MX,1585015893,78,19.22,-104.7,80.6,5.99
239,humaita,100,BR,1585015893,90,-7.51,-63.02,74.12,1.99
240,colares,0,PT,1585015893,76,38.8,-9.45,55.99,6.93
241,darnah,100,LY,1585015893,81,32.77,22.64,60.08,17.29
242,kruisfontein,100,ZA,1585015894,96,-34.0,24.73,60.08,4.81
243,gulariya,86,NP,1585015894,75,28.23,81.33,75.0,3.0
244,contramaestre,20,CU,1585015894,74,20.3,-76.24,78.8,9.17
245,umm kaddadah,16,SD,1585015894,13,13.6,26.69,71.96,8.9
246,springbok,46,ZA,1585015655,70,-29.66,17.89,52.88,2.57
247,huacho,59,PE,1585015894,81,-11.11,-77.61,69.8,4.09
248,comodoro rivadavia,100,AR,1585015894,40,-45.87,-67.5,73.4,17.22
249,fort nelson,40,CA,1585015894,36,58.81,-122.7,15.8,3.36
250,henties bay,7,NA,1585015894,91,-22.12,14.28,62.01,4.0
251,yellowknife,5,CA,1585015865,45,62.46,-114.35,3.2,10.29
252,victoria point,90,AU,1585015895,61,-27.58,153.3,79.0,8.05
253,caborca,100,MX,1585015895,45,30.58,-111.1,70.0,1.99
254,mayo,40,US,1585015895,81,38.89,-76.51,46.4,5.82
255,la palma,1,US,1585015895,62,33.85,-118.05,62.6,10.29
256,amahai,100,ID,1585015895,73,-3.33,128.92,82.76,5.7
257,hami,100,CN,1585015895,39,42.8,93.45,43.88,23.67
258,codrington,100,AU,1585015895,68,-38.27,141.97,58.46,10.8
259,chulman,100,RU,1585015895,80,56.85,124.91,23.9,16.02
260,manacapuru,100,BR,1585015896,100,-3.3,-60.62,73.4,2.24
261,ovre ardal,94,NO,1585015896,57,61.32,7.8,14.18,7.29
262,kongolo,33,CD,1585015896,99,-5.38,27.0,69.08,3.83
263,beringovskiy,0,RU,1585015896,88,63.05,179.32,33.62,4.9
264,kaitangata,100,NZ,1585015896,85,-46.28,169.85,51.44,23.62
265,gat,0,IL,1585015897,55,31.61,34.76,63.0,10.29
266,poli,75,TZ,1585015675,93,-3.33,36.8,71.6,5.82
267,grand gaube,75,MU,1585015897,94,-20.01,57.66,78.8,10.29
268,hammerfest,75,NO,1585015897,64,70.66,23.68,39.2,31.09
269,aasiaat,100,GL,1585015897,85,68.71,-52.87,1.22,10.29
270,svetlogorsk,0,BY,1585015897,62,52.63,29.73,24.98,5.68
271,karratha,0,AU,1585015897,67,-20.74,116.85,86.36,12.53
272,muriti,95,TZ,1585015897,80,-1.98,32.92,71.6,12.59
273,charters towers,95,AU,1585015898,52,-20.1,146.27,85.1,14.88
274,broken hill,99,AU,1585015898,24,-31.95,141.43,71.6,12.75
275,porto novo,20,BJ,1585015898,88,6.5,2.6,80.6,6.93
276,berlevag,93,NO,1585015898,77,70.86,29.09,36.68,32.19
277,ballangen,100,NO,1585015898,93,68.34,16.83,37.4,32.21
278,saldanha,52,ZA,1585015898,82,-33.01,17.94,59.0,5.82
279,imeni poliny osipenko,0,RU,1585015898,80,52.42,136.49,30.02,8.52
280,sorada,0,IN,1585015898,48,19.75,84.43,84.92,0.87
281,penzance,0,GB,1585015898,93,50.12,-5.54,50.0,14.99
282,san ramon de la nueva oran,99,AR,1585015899,89,-23.13,-64.33,80.01,1.72
283,pisco,80,PE,1585015899,88,-13.7,-76.22,72.0,21.92
284,noumea,20,NC,1585015899,48,-22.28,166.46,82.4,16.11
285,mbanza-ngungu,100,CD,1585015899,94,-5.25,14.87,69.08,1.7
286,banda aceh,0,ID,1585015838,56,5.56,95.32,85.64,6.13
287,pochutla,20,MX,1585015899,83,15.74,-96.47,82.99,11.56
288,nuuk,100,GL,1585015899,72,64.18,-51.72,17.6,11.41
289,koudougou,100,BF,1585015900,56,12.25,-2.37,82.94,16.42
290,aranos,0,NA,1585015900,60,-24.13,19.12,71.06,12.46
291,husavik,90,IS,1585015900,59,66.04,-17.34,37.4,31.09
292,ambovombe,0,MG,1585015900,81,-25.17,46.08,69.62,4.74
293,pathardi,0,IN,1585015900,25,19.17,75.18,83.3,7.43
294,victor harbor,100,AU,1585015900,39,-35.57,138.62,68.0,11.41
295,alofi,5,NU,1585015901,75,-19.06,-169.92,82.94,10.94
296,pustoshka,0,RU,1585015901,52,56.34,29.37,25.34,3.56
297,tabuk,54,PH,1585015901,58,17.42,121.44,83.48,5.79
298,hohhot,20,CN,1585015901,57,40.81,111.65,50.0,4.47
299,boyolangu,35,ID,1585015901,67,-8.12,111.89,84.74,4.34
300,bud,90,US,1585015901,100,39.45,-86.18,42.01,4.7
301,gorontalo,85,ID,1585015798,58,0.54,123.06,87.08,4.43
302,hasaki,20,JP,1585015901,46,35.73,140.83,54.0,17.22
303,haines junction,65,CA,1585015902,95,60.75,-137.51,9.14,3.56
304,teruel,75,ES,1585015902,81,40.67,-0.67,51.8,2.24
305,saint-joseph,96,RE,1585015902,83,-21.37,55.62,77.0,5.82
306,pankrushikha,51,RU,1585015902,92,53.83,80.34,9.68,4.61
307,gerzat,0,FR,1585015902,88,45.82,3.14,35.6,2.24
308,klaksvik,100,FO,1585015902,80,62.23,-6.59,41.0,8.05
309,khakhea,56,BW,1585015902,60,-24.69,23.49,69.62,5.1
310,zhigansk,100,RU,1585015902,94,66.77,123.37,-0.04,22.12
311,hof,1,DE,1585015737,67,50.32,11.92,28.0,3.69
312,solomenskoye,100,RU,1585015903,83,44.22,44.35,41.72,6.67
313,nanortalik,0,GL,1585015633,57,60.14,-45.24,26.06,41.9
314,vermilion,90,US,1585015775,80,40.17,-87.75,39.99,3.06
315,wanning,18,CN,1585015903,72,18.8,110.4,80.78,8.66
316,netishyn,0,UA,1585015903,62,50.34,26.64,25.7,6.2
317,maraba,98,BR,1585015903,94,-5.37,-49.12,80.6,3.36
318,pestravka,100,RU,1585015904,91,52.41,49.96,24.8,6.8
319,zhurivka,0,UA,1585015904,67,50.5,31.78,21.2,8.95
320,belyy yar,100,RU,1585015904,57,53.6,91.39,19.4,4.47
321,lasa,0,IT,1585015904,66,46.62,10.7,28.0,4.7
322,sawtell,90,AU,1585015904,68,-30.38,153.1,71.6,5.82
323,lao cai,58,VN,1585015904,74,22.48,103.95,75.74,0.63
324,benalla,100,AU,1585015904,48,-36.55,145.98,70.0,3.36
325,inta,100,RU,1585015904,92,66.03,60.17,25.52,22.88
326,ola,100,RU,1585015904,76,59.58,151.28,29.3,12.93
327,vila velha,40,BR,1585015748,73,-20.33,-40.29,75.2,10.29
328,viransehir,42,TR,1585015905,73,37.24,39.76,48.02,7.0
329,iqaluit,90,CA,1585015905,78,63.75,-68.51,15.8,9.17
330,beloha,0,MG,1585015905,85,-25.17,45.05,69.98,5.55
331,yang talat,20,TH,1585015905,78,16.4,103.37,91.0,1.12
332,mitzic,100,GA,1585015905,98,0.78,11.55,70.7,5.32
333,taoudenni,100,ML,1585015905,28,22.68,-3.98,66.56,11.79
334,carutapera,57,BR,1585015906,77,-1.2,-46.02,82.58,10.92
335,banjar,20,ID,1585015906,83,-8.19,114.97,84.2,2.24
336,caravelas,96,BR,1585015715,70,-17.71,-39.25,79.7,22.68
337,beira,40,MZ,1585015906,94,-19.84,34.84,73.4,5.82
338,palaikastron,0,GR,1585015906,89,35.2,26.25,54.0,1.01
339,altay,28,CN,1585015906,66,47.87,88.12,11.3,0.63
340,coolum beach,88,AU,1585015906,95,-26.53,153.1,72.0,6.69
341,nadym,98,RU,1585015906,87,65.53,72.52,22.28,23.82
342,visby,27,SE,1585015869,74,57.64,18.3,36.0,13.87
343,jishou,88,CN,1585015907,69,28.32,109.72,67.46,4.0
344,pakhtakoron,100,TJ,1585015907,63,40.16,68.75,52.88,1.21
345,andros town,20,BS,1585015907,73,24.7,-77.77,75.2,5.82
346,matai,20,TZ,1585015750,93,-8.3,31.52,60.8,6.93
347,usinsk,100,RU,1585015907,93,65.99,57.53,25.88,15.97
348,quang ngai,0,VN,1585015866,72,15.12,108.8,79.52,6.04
349,mataram,20,ID,1585015840,74,-8.58,116.12,86.0,4.7
350,anori,100,BR,1585015908,91,-3.77,-61.64,75.02,0.29
351,port elizabeth,75,ZA,1585015803,72,-33.92,25.57,66.2,10.29
352,olinda,20,BR,1585015908,78,-8.01,-34.86,82.4,2.24
353,havelock,90,US,1585015908,82,34.88,-76.9,60.8,4.7
354,virginia beach,90,US,1585015908,87,36.85,-75.98,52.0,6.93
355,edmundston,90,CA,1585015718,68,47.37,-68.33,30.0,9.17
356,khash,0,IR,1585015908,70,28.22,61.22,46.94,7.31
357,makakilo city,90,US,1585015705,64,21.35,-158.09,80.6,14.99
358,alba,0,PL,1585015909,57,52.03,23.12,26.24,5.95
359,meiganga,13,CM,1585015909,75,6.52,14.3,67.64,1.36
360,bodaybo,100,RU,1585015909,71,57.85,114.19,17.42,13.33
361,sarakhs,100,IR,1585015909,100,36.54,61.16,46.4,11.41
362,manga,100,BF,1585015909,69,11.66,-1.07,79.16,12.41
363,mount gambier,75,AU,1585015909,58,-37.83,140.77,59.0,8.05
364,souillac,75,MU,1585015909,94,-20.52,57.52,78.8,10.29
365,certesti,100,RO,1585015910,49,46.02,27.62,29.84,17.52
366,agadir,3,MA,1585015712,100,30.42,-9.6,55.4,6.93
367,casa nova,67,BR,1585015911,88,-9.42,-41.13,78.8,3.36
368,north bend,75,US,1585015911,70,43.41,-124.22,48.99,14.99
369,belaya gora,73,RU,1585015911,84,68.53,146.42,10.76,5.46
370,porto santo,40,PT,1585015911,72,33.07,-16.34,60.8,17.22
371,jodar,20,ES,1585015911,76,37.84,-3.35,52.0,5.84
372,shache,100,CN,1585015911,93,38.42,77.24,44.01,4.16
373,diu,24,IN,1585015911,69,20.71,70.98,79.52,4.63
374,muros,75,ES,1585015911,93,42.78,-9.06,57.0,3.36
375,longhua,89,CN,1585015912,65,23.61,114.19,76.64,3.38
376,berdigestyakh,100,RU,1585015912,84,62.1,126.7,23.54,14.79
377,yulara,75,AU,1585015912,26,-25.24,130.99,82.4,14.99
378,nalut,0,LY,1585015912,67,30.33,10.85,55.4,20.42
379,ushibuka,0,JP,1585015912,50,32.19,130.02,59.18,5.44
380,wharton,75,US,1585015912,88,29.31,-96.1,73.99,9.17
381,talara,70,PE,1585015913,90,-4.58,-81.27,75.74,9.01
382,saint-leu,100,RE,1585015913,83,-21.15,55.28,77.0,5.82
383,chabahar,0,IR,1585015913,65,25.29,60.64,65.48,7.78
384,mandan,1,US,1585015724,60,46.83,-100.89,45.0,8.05
385,inhambane,99,MZ,1585015913,80,-23.86,35.38,77.9,4.43
386,krasnyye chetai,100,RU,1585015913,91,55.69,46.14,22.64,13.38
387,whitehorse,40,CA,1585015913,42,60.72,-135.05,26.6,4.7
388,kiama,75,AU,1585015913,64,-34.68,150.87,72.0,6.93
389,lompoc,75,US,1585015913,72,34.64,-120.46,60.8,8.05
390,baiyin,90,CN,1585015914,45,36.56,104.21,46.4,2.24
391,santa isabel do rio negro,33,BR,1585015914,92,-0.41,-65.02,75.38,2.44
392,hovd,82,MN,1585015914,67,48.01,91.64,18.68,8.01
393,puerto colombia,20,CO,1585015915,83,10.99,-74.95,78.8,19.46
394,lodwar,1,KE,1585015915,50,3.12,35.6,83.3,3.47
395,provideniya,90,RU,1585015915,94,64.38,-173.3,32.0,15.66
396,masty,0,BY,1585015915,55,53.41,24.54,25.34,3.0
397,cassilandia,15,BR,1585015824,97,-19.11,-51.73,69.62,4.9
398,ostrovnoy,100,RU,1585015916,88,68.05,39.51,26.96,29.04
399,port macquarie,100,AU,1585015758,73,-31.43,152.92,73.99,6.93
400,villarrica,0,PY,1585015916,52,-25.75,-56.43,73.94,4.36
401,sakakah,40,SA,1585015916,20,29.97,40.21,57.2,4.7
402,villa union,5,MX,1585015916,68,23.2,-106.23,71.6,3.36
403,aklavik,90,CA,1585015916,56,68.22,-135.01,14.0,6.93
404,whitley bay,100,GB,1585015916,72,55.04,-1.45,42.01,6.93
405,mana,0,GF,1585015916,86,5.66,-53.78,74.66,3.53
406,berlin,0,DE,1585015803,50,52.52,13.41,34.0,3.36
407,beyneu,0,KZ,1585015917,71,45.32,55.2,40.28,14.74
408,uhlove,93,UA,1585015917,76,44.82,33.6,37.4,30.76
409,manado,40,ID,1585015917,62,1.49,124.85,87.8,2.24
410,rivadavia,0,AR,1585015705,42,-33.19,-68.46,80.6,3.36
411,salalah,0,OM,1585015691,50,17.02,54.09,77.0,10.29
412,san blas,5,MX,1585015919,53,21.52,-105.27,77.0,8.05
413,shimoda,20,JP,1585015919,37,34.67,138.95,53.6,11.41
414,skelleftea,100,SE,1585015919,74,64.75,20.95,35.01,11.41
415,tyup,100,KG,1585015919,60,42.73,78.36,35.06,3.15
416,yar-sale,33,RU,1585015919,81,66.83,70.83,23.18,17.54
417,khor,0,RU,1585015919,55,47.89,134.95,37.22,7.74
418,loreto,0,MX,1585015919,24,22.27,-101.97,73.76,14.2
419,arman,95,RU,1585015919,82,59.7,150.17,28.58,3.49
420,panzhihua,0,CN,1585015919,45,26.59,101.71,66.0,0.56
421,san jeronimo,100,PE,1585015920,91,-11.95,-75.28,43.88,2.64
422,mandalgovi,100,MN,1585015920,26,45.76,106.27,49.46,19.55
423,kiruna,100,SE,1585015920,68,67.86,20.23,30.2,25.28
424,oktyabrskiy,100,RU,1585015920,87,54.48,53.47,34.16,15.12
425,kibaek,67,DK,1585015920,59,56.03,8.86,34.0,5.82
426,pacific grove,90,US,1585015920,71,36.62,-121.92,55.4,8.05
427,caloundra,90,AU,1585015831,61,-26.8,153.13,79.0,8.05
428,gornopravdinsk,100,RU,1585015922,89,60.05,69.9,18.86,10.6
429,vestmannaeyjar,100,IS,1585015922,54,63.44,-20.27,39.2,31.52
430,redding,40,US,1585015922,47,40.59,-122.39,60.8,8.05
431,mogocha,100,RU,1585015922,71,53.73,119.77,37.94,0.83
432,rawson,30,AR,1585015922,50,-43.3,-65.1,71.24,18.41
433,riyadh,0,SA,1585015802,40,24.69,46.72,51.8,4.12
434,bilma,0,NE,1585015922,15,18.69,12.92,80.96,8.34
435,chepareria,1,KE,1585015923,67,1.31,35.2,67.46,4.18
436,chumikan,0,RU,1585015923,56,54.72,135.31,34.34,5.06
437,sisimiut,100,GL,1585015923,81,66.94,-53.67,6.8,17.16
438,bolivar,1,US,1585015923,81,37.61,-93.41,54.0,4.7
439,alexandria,0,EG,1585015898,87,31.22,29.96,59.0,5.82
440,chara,13,RU,1585015923,54,56.91,118.26,26.06,6.51
441,fasa,0,IR,1585015923,80,28.94,53.65,35.6,4.7
442,cascais,0,PT,1585015923,76,38.7,-9.42,55.99,6.93
443,prince rupert,1,CA,1585015924,74,54.32,-130.32,48.2,12.75
444,galle,3,LK,1585015924,82,6.04,80.22,79.16,7.99
445,wajir,36,KE,1585015924,71,1.75,40.06,80.6,13.96
446,corrente,82,BR,1585015924,98,-3.74,-43.34,73.22,2.15
447,kailua,75,US,1585015922,57,21.4,-157.74,80.6,17.22
448,catungan,100,PH,1585015924,64,10.77,122.01,82.76,10.36
449,alpine,1,US,1585015924,76,32.84,-116.77,64.4,6.93
450,fukue,20,JP,1585015924,55,32.69,128.84,62.6,10.29
451,korem,6,ET,1585015716,68,12.51,39.52,56.3,3.04
452,mildura,99,AU,1585015925,55,-34.2,142.15,66.99,6.93
453,mahmudabad,20,IN,1585015925,88,27.3,81.12,68.0,3.0
454,seoul,1,KR,1585015854,32,37.57,126.98,57.2,4.7
455,cairns,40,AU,1585015669,66,-16.92,145.77,86.0,17.22
456,nichinan,20,JP,1585015744,48,31.6,131.37,60.8,11.41
457,kemijarvi,100,FI,1585015925,87,66.71,27.43,29.84,16.8
458,polunochnoye,48,RU,1585015925,88,60.87,60.42,17.96,4.25
459,gamba,100,GA,1585015926,90,-2.65,10.0,77.0,5.93
460,dongli,90,CN,1585015926,46,23.57,116.82,69.8,6.71
461,batagay,100,RU,1585015926,90,67.63,134.63,9.86,4.52
462,fengkou,100,CN,1585015926,66,30.08,113.27,73.22,2.8
463,ayan,0,RU,1585015926,81,56.45,138.17,26.6,3.24
464,moundsville,90,US,1585015926,81,39.92,-80.74,43.0,8.05
465,esso,91,RU,1585015926,96,55.93,158.7,29.3,9.42
466,ancud,75,CL,1585015926,100,-41.87,-73.82,59.0,10.29
467,lamar,90,US,1585015926,93,33.67,-95.58,64.4,8.05
468,vardo,94,NO,1585015648,82,70.37,31.11,32.9,34.87
469,poya,25,NC,1585015927,74,-21.35,165.15,76.82,19.1
470,xichang,1,CN,1585015927,58,27.9,102.26,50.18,7.9
471,marsh harbour,5,BS,1585015927,75,26.54,-77.06,73.76,7.81
472,zhezkazgan,0,KZ,1585015927,85,47.8,67.71,23.0,15.66
473,meulaboh,86,ID,1585015927,76,4.14,96.13,82.04,5.39
474,longyan,99,CN,1585015927,75,25.11,117.02,71.42,3.49
475,saint anthony,1,US,1585015927,74,45.02,-93.22,41.0,5.82
476,diapaga,100,BF,1585015927,59,12.07,1.79,81.32,13.33
477,khandbari,0,NP,1585015928,56,27.37,87.2,51.62,3.44
478,machhlishahr,20,IN,1585015928,83,25.68,82.42,69.8,2.24
479,taksimo,31,RU,1585015794,69,56.34,114.88,23.18,2.62
480,coihaique,2,CL,1585015928,97,-45.58,-72.07,43.88,5.55
481,ternate,100,ID,1585015928,70,0.8,127.4,83.48,6.44
482,mananjary,36,MG,1585015928,87,-21.22,48.33,75.2,9.73
483,ajdabiya,0,LY,1585015928,79,30.76,20.23,61.16,16.15
484,anloga,20,GH,1585015929,78,5.79,0.9,82.4,8.05
485,lesnikovo,96,RU,1585015929,93,55.28,65.32,20.66,5.59
486,ibanesti,100,RO,1585015929,55,46.77,24.93,33.8,6.93
487,yuncheng,0,CN,1585015929,39,35.02,110.99,67.64,6.2
488,faya,20,SA,1585015929,87,18.39,42.45,57.2,5.82
489,dukat,99,RU,1585015929,89,62.55,155.55,15.98,4.38
490,roald,100,NO,1585015929,80,62.58,6.13,44.6,18.34
491,athabasca,100,CA,1585015929,95,54.72,-113.29,24.08,16.46
492,atherton,27,GB,1585015649,64,53.52,-2.49,42.8,4.7
493,port hawkesbury,1,CA,1585015915,79,45.62,-61.35,27.0,5.82
494,gambela,7,ET,1585015930,42,8.25,34.58,78.8,4.14
495,valparaiso,0,CL,1585015795,87,-33.04,-71.63,59.0,6.24
496,kungurtug,100,RU,1585015930,86,50.6,97.52,12.74,17.05
497,caraballeda,100,VE,1585015930,89,10.61,-66.85,71.01,12.75
498,port hedland,15,AU,1585015930,39,-20.32,118.57,95.0,8.05
499,kyenjojo,25,UG,1585015931,97,0.63,30.62,60.26,0.47
500,dakar,6,SN,1585015756,82,14.69,-17.44,68.0,14.99
501,mizan teferi,0,ET,1585015931,69,6.98,35.58,65.66,3.33
502,cody,75,US,1585015931,34,44.53,-109.06,50.0,16.11
503,beziers,90,FR,1585015931,81,43.35,3.22,53.6,1.12
504,ust-nera,73,RU,1585015931,82,64.57,143.2,4.28,4.09
505,krasnoshchekovo,100,RU,1585015931,96,51.67,82.73,11.3,4.59
506,ca mau,38,VN,1585015769,40,9.18,105.15,91.4,8.55
507,la ronge,75,CA,1585015932,53,55.1,-105.28,26.6,6.93
508,sidi ali,61,DZ,1585015932,78,36.1,0.42,54.68,7.14
509,batagay-alyta,100,RU,1585015932,89,67.8,130.41,1.58,2.73
510,mecca,0,SA,1585015932,19,21.43,39.83,67.28,3.96
511,khorramshahr,0,IR,1585015932,82,30.44,48.17,55.4,2.24
512,douentza,33,ML,1585015932,21,15.0,-2.95,78.26,5.39
513,kuandian,1,CN,1585015932,47,40.73,124.78,45.5,1.1
514,kwinana,0,AU,1585015932,42,-32.25,115.77,84.99,14.99
515,simbahan,33,PH,1585015933,80,6.3,120.58,81.86,14.25
516,sembe,0,CG,1585015933,97,1.65,14.58,68.72,0.87
517,ixtapa,5,MX,1585015933,78,20.7,-105.2,75.99,4.7
518,havre-saint-pierre,75,CA,1585015933,79,50.23,-63.6,23.0,6.93
519,ndele,0,CF,1585015933,26,8.41,20.65,73.94,2.1
520,nyurba,100,RU,1585015933,89,63.28,118.33,1.94,10.94
521,buala,52,SB,1585015933,74,-8.14,159.59,83.66,5.03
522,bairiki,75,KI,1585015934,94,1.33,172.98,78.8,18.34
523,pahrump,1,US,1585015752,47,36.21,-115.98,62.01,5.82
524,vradiyivka,61,UA,1585015926,49,47.86,30.59,27.86,15.26
525,gunjur,100,GM,1585015934,64,13.2,-16.73,69.8,9.17
526,kraljevo,90,RS,1585015934,100,43.73,20.69,28.4,1.12
527,camacari,75,BR,1585015934,83,-12.7,-38.32,82.4,14.99
528,west bay,20,KY,1585015934,83,19.37,-81.42,78.8,6.93
529,kukushtan,0,RU,1585015934,78,57.65,56.5,14.0,4.47
530,las lomas,11,PA,1585015934,68,8.43,-82.4,64.99,11.99
531,narsaq,0,GL,1585015935,53,60.92,-46.05,21.2,2.93
532,imbituba,47,BR,1585015935,68,-28.24,-48.67,71.6,3.36
533,tromso,90,NO,1585015935,60,69.65,18.96,42.8,23.04
534,belmonte,75,BR,1585015935,78,-15.86,-38.88,75.2,6.93
535,half moon bay,90,US,1585015935,76,37.46,-122.43,55.0,5.82
536,gaya,0,IN,1585015801,77,24.78,85.0,66.2,2.82
537,blackfoot,20,US,1585015935,65,43.19,-112.34,45.0,14.99
538,guna,59,IN,1585015936,23,24.65,77.32,83.48,6.89
539,qaqortoq,40,GL,1585015744,49,60.72,-46.03,23.0,5.82
540,bethel,90,US,1585015936,96,41.37,-73.41,37.99,8.05
541,san lazaro,0,BZ,1585015936,91,18.04,-88.66,70.88,3.67
542,juli,1,PE,1585015936,86,-16.22,-69.45,44.78,3.96
543,meridian,75,US,1585015855,50,43.61,-116.39,53.6,5.82
544,mantua,2,IT,1585015936,53,45.17,10.78,37.99,6.93
545,japura,100,ID,1585015936,63,-0.32,102.35,87.08,1.3
546,kahului,40,US,1585015937,54,20.89,-156.47,78.8,21.92
547,abu samrah,22,SY,1585015937,60,35.3,37.18,51.26,6.78
548,chuy,0,UY,1585015750,83,-33.7,-53.46,69.8,12.77
549,patnagarh,0,IN,1585015937,47,20.72,83.15,82.76,6.08
550,nizhniy odes,87,RU,1585015937,95,63.64,54.86,16.88,6.89
551,qadian,75,IN,1585015937,82,31.82,75.39,66.2,2.24
552,haradok,0,BY,1585015937,55,55.46,29.98,24.98,3.38
553,pafos,0,CY,1585015937,75,34.77,32.42,53.6,6.93
554,margate,0,GB,1585015937,64,51.38,1.39,46.0,10.29
555,nantucket,90,US,1585015938,87,41.28,-70.1,46.0,16.11
